-- phpMyAdmin SQL Dump
-- version 3.5.2.2
-- http://www.phpmyadmin.net
--
-- Host: 127.0.0.1
-- Generation Time: Oct 01, 2020 at 01:32 PM
-- Server version: 5.5.27
-- PHP Version: 5.4.7

SET SQL_MODE="NO_AUTO_VALUE_ON_ZERO";
SET time_zone = "+00:00";


/*!40101 SET @OLD_CHARACTER_SET_CLIENT=@@CHARACTER_SET_CLIENT */;
/*!40101 SET @OLD_CHARACTER_SET_RESULTS=@@CHARACTER_SET_RESULTS */;
/*!40101 SET @OLD_COLLATION_CONNECTION=@@COLLATION_CONNECTION */;
/*!40101 SET NAMES utf8 */;

--
-- Database: `irfan`
--

-- --------------------------------------------------------

--
-- Table structure for table `login`
--

CREATE TABLE IF NOT EXISTS `login` (
  `id_login` int(11) NOT NULL AUTO_INCREMENT,
  `id` varchar(30) NOT NULL,
  `password` varchar(30) NOT NULL,
  PRIMARY KEY (`id_login`)
) ENGINE=InnoDB  DEFAULT CHARSET=latin1 AUTO_INCREMENT=2 ;

--
-- Dumping data for table `login`
--

INSERT INTO `login` (`id_login`, `id`, `password`) VALUES
(1, 'admin', 'admin');

-- --------------------------------------------------------

--
-- Table structure for table `tb_atribut`
--

CREATE TABLE IF NOT EXISTS `tb_atribut` (
  `id_atribut` int(11) NOT NULL AUTO_INCREMENT,
  `atribut` varchar(99) NOT NULL,
  `bencost` varchar(25) NOT NULL,
  `bobot` float NOT NULL,
  PRIMARY KEY (`id_atribut`)
) ENGINE=InnoDB  DEFAULT CHARSET=latin1 AUTO_INCREMENT=12 ;

--
-- Dumping data for table `tb_atribut`
--

INSERT INTO `tb_atribut` (`id_atribut`, `atribut`, `bencost`, `bobot`) VALUES
(1, 'Ketentuan', '', 0),
(2, 'Luas Bangunan', 'benefit', 10),
(3, 'Penghasilan', 'benefit', 5),
(4, 'Jenis Lantai', 'benefit', 15),
(5, 'Jenis Dinding', 'benefit', 15),
(6, 'Jenis Atap', 'benefit', 15),
(7, 'Sumber Listrik', 'cost', 5),
(8, 'Sumber Air', 'cost', 5),
(9, 'Jamban', 'benefit', 15),
(10, 'Bahan Bakar Masak', 'cost', 5),
(11, 'Aset', 'benefit', 10);

-- --------------------------------------------------------

--
-- Table structure for table `tb_data`
--

CREATE TABLE IF NOT EXISTS `tb_data` (
  `id_data` int(11) NOT NULL AUTO_INCREMENT,
  `id_responden` int(11) NOT NULL,
  `id_atribut` int(11) NOT NULL,
  `id_parameter` int(11) NOT NULL,
  PRIMARY KEY (`id_data`)
) ENGINE=InnoDB  DEFAULT CHARSET=latin1 AUTO_INCREMENT=892 ;

--
-- Dumping data for table `tb_data`
--

INSERT INTO `tb_data` (`id_data`, `id_responden`, `id_atribut`, `id_parameter`) VALUES
(1, 1, 1, 1),
(2, 1, 2, 2),
(3, 1, 3, 3),
(4, 1, 4, 2),
(5, 1, 5, 3),
(6, 1, 6, 2),
(7, 1, 7, 2),
(8, 1, 8, 3),
(9, 1, 9, 3),
(10, 1, 10, 1),
(11, 1, 11, 3),
(12, 2, 1, 1),
(13, 2, 2, 2),
(14, 2, 3, 3),
(15, 2, 4, 3),
(16, 2, 5, 3),
(17, 2, 6, 2),
(18, 2, 7, 2),
(19, 2, 8, 3),
(20, 2, 9, 3),
(21, 2, 10, 1),
(22, 2, 11, 3),
(23, 3, 1, 1),
(24, 3, 2, 2),
(25, 3, 3, 2),
(26, 3, 4, 3),
(27, 3, 5, 3),
(28, 3, 6, 2),
(29, 3, 7, 2),
(30, 3, 8, 2),
(31, 3, 9, 1),
(32, 3, 10, 1),
(33, 3, 11, 2),
(34, 4, 1, 1),
(35, 4, 2, 3),
(36, 4, 3, 3),
(37, 4, 4, 3),
(38, 4, 5, 3),
(39, 4, 6, 3),
(40, 4, 7, 2),
(41, 4, 8, 3),
(42, 4, 9, 3),
(43, 4, 10, 2),
(44, 4, 11, 3),
(45, 5, 1, 1),
(46, 5, 2, 2),
(47, 5, 3, 2),
(48, 5, 4, 3),
(49, 5, 5, 3),
(50, 5, 6, 2),
(51, 5, 7, 2),
(52, 5, 8, 2),
(53, 5, 9, 1),
(54, 5, 10, 1),
(55, 5, 11, 2),
(56, 6, 1, 1),
(57, 6, 2, 2),
(58, 6, 3, 2),
(59, 6, 4, 3),
(60, 6, 5, 3),
(61, 6, 6, 2),
(62, 6, 7, 2),
(63, 6, 8, 2),
(64, 6, 9, 1),
(65, 6, 10, 1),
(66, 6, 11, 2),
(67, 7, 1, 1),
(68, 7, 2, 2),
(69, 7, 3, 2),
(70, 7, 4, 2),
(71, 7, 5, 3),
(72, 7, 6, 2),
(73, 7, 7, 2),
(74, 7, 8, 2),
(75, 7, 9, 1),
(76, 7, 10, 1),
(77, 7, 11, 2),
(78, 8, 1, 1),
(79, 8, 2, 2),
(80, 8, 3, 2),
(81, 8, 4, 3),
(82, 8, 5, 3),
(83, 8, 6, 2),
(84, 8, 7, 2),
(85, 8, 8, 2),
(86, 8, 9, 2),
(87, 8, 10, 1),
(88, 8, 11, 2),
(89, 9, 1, 1),
(90, 9, 2, 2),
(91, 9, 3, 3),
(92, 9, 4, 3),
(93, 9, 5, 3),
(94, 9, 6, 2),
(95, 9, 7, 2),
(96, 9, 8, 2),
(97, 9, 9, 3),
(98, 9, 10, 2),
(99, 9, 11, 3),
(100, 10, 1, 1),
(101, 10, 2, 2),
(102, 10, 3, 2),
(103, 10, 4, 3),
(104, 10, 5, 3),
(105, 10, 6, 2),
(106, 10, 7, 2),
(107, 10, 8, 3),
(108, 10, 9, 3),
(109, 10, 10, 1),
(110, 10, 11, 2),
(111, 11, 1, 1),
(112, 11, 2, 2),
(113, 11, 3, 3),
(114, 11, 4, 3),
(115, 11, 5, 3),
(116, 11, 6, 2),
(117, 11, 7, 2),
(118, 11, 8, 3),
(119, 11, 9, 3),
(120, 11, 10, 2),
(121, 11, 11, 3),
(122, 12, 1, 1),
(123, 12, 2, 2),
(124, 12, 3, 2),
(125, 12, 4, 3),
(126, 12, 5, 3),
(127, 12, 6, 2),
(128, 12, 7, 2),
(129, 12, 8, 3),
(130, 12, 9, 3),
(131, 12, 10, 1),
(132, 12, 11, 2),
(133, 13, 1, 1),
(134, 13, 2, 2),
(135, 13, 3, 2),
(136, 13, 4, 3),
(137, 13, 5, 3),
(138, 13, 6, 2),
(139, 13, 7, 2),
(140, 13, 8, 2),
(141, 13, 9, 1),
(142, 13, 10, 1),
(143, 13, 11, 2),
(144, 14, 1, 1),
(145, 14, 2, 2),
(146, 14, 3, 2),
(147, 14, 4, 3),
(148, 14, 5, 3),
(149, 14, 6, 2),
(150, 14, 7, 2),
(151, 14, 8, 2),
(152, 14, 9, 2),
(153, 14, 10, 1),
(154, 14, 11, 2),
(155, 15, 1, 1),
(156, 15, 2, 3),
(157, 15, 3, 3),
(158, 15, 4, 3),
(159, 15, 5, 3),
(160, 15, 6, 3),
(161, 15, 7, 2),
(162, 15, 8, 3),
(163, 15, 9, 3),
(164, 15, 10, 2),
(165, 15, 11, 3),
(166, 16, 1, 1),
(167, 16, 2, 2),
(168, 16, 3, 2),
(169, 16, 4, 3),
(170, 16, 5, 3),
(171, 16, 6, 2),
(172, 16, 7, 2),
(173, 16, 8, 3),
(174, 16, 9, 1),
(175, 16, 10, 1),
(176, 16, 11, 2),
(177, 17, 1, 1),
(178, 17, 2, 2),
(179, 17, 3, 2),
(180, 17, 4, 3),
(181, 17, 5, 3),
(182, 17, 6, 2),
(183, 17, 7, 2),
(184, 17, 8, 2),
(185, 17, 9, 1),
(186, 17, 10, 1),
(187, 17, 11, 2),
(188, 18, 1, 1),
(189, 18, 2, 2),
(190, 18, 3, 2),
(191, 18, 4, 3),
(192, 18, 5, 2),
(193, 18, 6, 2),
(194, 18, 7, 2),
(195, 18, 8, 3),
(196, 18, 9, 2),
(197, 18, 10, 1),
(198, 18, 11, 2),
(199, 19, 1, 1),
(200, 19, 2, 2),
(201, 19, 3, 2),
(202, 19, 4, 3),
(203, 19, 5, 3),
(204, 19, 6, 2),
(205, 19, 7, 2),
(206, 19, 8, 2),
(207, 19, 9, 1),
(208, 19, 10, 1),
(209, 19, 11, 2),
(210, 20, 1, 1),
(211, 20, 2, 2),
(212, 20, 3, 2),
(213, 20, 4, 3),
(214, 20, 5, 3),
(215, 20, 6, 2),
(216, 20, 7, 2),
(217, 20, 8, 2),
(218, 20, 9, 1),
(219, 20, 10, 1),
(220, 20, 11, 2),
(221, 21, 1, 1),
(222, 21, 2, 2),
(223, 21, 3, 2),
(224, 21, 4, 3),
(225, 21, 5, 3),
(226, 21, 6, 2),
(227, 21, 7, 2),
(228, 21, 8, 2),
(229, 21, 9, 1),
(230, 21, 10, 1),
(231, 21, 11, 2),
(232, 22, 1, 1),
(233, 22, 2, 2),
(234, 22, 3, 2),
(235, 22, 4, 3),
(236, 22, 5, 3),
(237, 22, 6, 2),
(238, 22, 7, 2),
(239, 22, 8, 3),
(240, 22, 9, 3),
(241, 22, 10, 1),
(242, 22, 11, 2),
(243, 23, 1, 1),
(244, 23, 2, 2),
(245, 23, 3, 2),
(246, 23, 4, 3),
(247, 23, 5, 3),
(248, 23, 6, 2),
(249, 23, 7, 2),
(250, 23, 8, 2),
(251, 23, 9, 1),
(252, 23, 10, 1),
(253, 23, 11, 2),
(254, 24, 1, 1),
(255, 24, 2, 2),
(256, 24, 3, 3),
(257, 24, 4, 3),
(258, 24, 5, 3),
(259, 24, 6, 3),
(260, 24, 7, 2),
(261, 24, 8, 3),
(262, 24, 9, 3),
(263, 24, 10, 1),
(264, 24, 11, 3),
(265, 25, 1, 1),
(266, 25, 2, 2),
(267, 25, 3, 2),
(268, 25, 4, 3),
(269, 25, 5, 3),
(270, 25, 6, 2),
(271, 25, 7, 2),
(272, 25, 8, 3),
(273, 25, 9, 3),
(274, 25, 10, 1),
(275, 25, 11, 2),
(276, 26, 1, 1),
(277, 26, 2, 2),
(278, 26, 3, 3),
(279, 26, 4, 3),
(280, 26, 5, 3),
(281, 26, 6, 2),
(282, 26, 7, 2),
(283, 26, 8, 3),
(284, 26, 9, 3),
(285, 26, 10, 1),
(286, 26, 11, 3),
(287, 27, 1, 1),
(288, 27, 2, 2),
(289, 27, 3, 2),
(290, 27, 4, 3),
(291, 27, 5, 2),
(292, 27, 6, 2),
(293, 27, 7, 2),
(294, 27, 8, 2),
(295, 27, 9, 2),
(296, 27, 10, 1),
(297, 27, 11, 2),
(298, 28, 1, 1),
(299, 28, 2, 2),
(300, 28, 3, 3),
(301, 28, 4, 3),
(302, 28, 5, 3),
(303, 28, 6, 2),
(304, 28, 7, 2),
(305, 28, 8, 3),
(306, 28, 9, 3),
(307, 28, 10, 1),
(308, 28, 11, 3),
(309, 29, 1, 1),
(310, 29, 2, 2),
(311, 29, 3, 3),
(312, 29, 4, 3),
(313, 29, 5, 3),
(314, 29, 6, 2),
(315, 29, 7, 2),
(316, 29, 8, 3),
(317, 29, 9, 3),
(318, 29, 10, 1),
(319, 29, 11, 3),
(320, 30, 1, 1),
(321, 30, 2, 2),
(322, 30, 3, 3),
(323, 30, 4, 3),
(324, 30, 5, 3),
(325, 30, 6, 2),
(326, 30, 7, 2),
(327, 30, 8, 3),
(328, 30, 9, 3),
(329, 30, 10, 1),
(330, 30, 11, 3),
(331, 31, 1, 0),
(332, 31, 2, 1),
(333, 31, 3, 1),
(334, 31, 4, 1),
(335, 31, 5, 1),
(336, 31, 6, 1),
(337, 31, 7, 1),
(338, 31, 8, 1),
(339, 31, 9, 1),
(340, 31, 10, 1),
(341, 31, 11, 1),
(342, 32, 1, 0),
(343, 32, 2, 1),
(344, 32, 3, 2),
(345, 32, 4, 3),
(346, 32, 5, 2),
(347, 32, 6, 2),
(348, 32, 7, 1),
(349, 32, 8, 2),
(350, 32, 9, 1),
(351, 32, 10, 1),
(352, 32, 11, 2),
(353, 33, 1, 0),
(354, 33, 2, 1),
(355, 33, 3, 1),
(356, 33, 4, 2),
(357, 33, 5, 2),
(358, 33, 6, 2),
(359, 33, 7, 1),
(360, 33, 8, 2),
(361, 33, 9, 1),
(362, 33, 10, 1),
(363, 33, 11, 1),
(364, 34, 1, 0),
(365, 34, 2, 1),
(366, 34, 3, 2),
(367, 34, 4, 1),
(368, 34, 5, 2),
(369, 34, 6, 2),
(370, 34, 7, 2),
(371, 34, 8, 2),
(372, 34, 9, 1),
(373, 34, 10, 1),
(374, 34, 11, 1),
(375, 35, 1, 0),
(376, 35, 2, 1),
(377, 35, 3, 1),
(378, 35, 4, 1),
(379, 35, 5, 2),
(380, 35, 6, 2),
(381, 35, 7, 1),
(382, 35, 8, 2),
(383, 35, 9, 1),
(384, 35, 10, 1),
(385, 35, 11, 1),
(386, 36, 1, 0),
(387, 36, 2, 1),
(388, 36, 3, 1),
(389, 36, 4, 1),
(390, 36, 5, 1),
(391, 36, 6, 2),
(392, 36, 7, 1),
(393, 36, 8, 2),
(394, 36, 9, 1),
(395, 36, 10, 1),
(396, 36, 11, 1),
(397, 37, 1, 0),
(398, 37, 2, 1),
(399, 37, 3, 1),
(400, 37, 4, 1),
(401, 37, 5, 2),
(402, 37, 6, 2),
(403, 37, 7, 1),
(404, 37, 8, 1),
(405, 37, 9, 1),
(406, 37, 10, 1),
(407, 37, 11, 2),
(408, 38, 1, 0),
(409, 38, 2, 1),
(410, 38, 3, 2),
(411, 38, 4, 1),
(412, 38, 5, 1),
(413, 38, 6, 2),
(414, 38, 7, 1),
(415, 38, 8, 2),
(416, 38, 9, 1),
(417, 38, 10, 1),
(418, 38, 11, 1),
(419, 39, 1, 0),
(420, 39, 2, 1),
(421, 39, 3, 1),
(422, 39, 4, 1),
(423, 39, 5, 1),
(424, 39, 6, 2),
(425, 39, 7, 1),
(426, 39, 8, 2),
(427, 39, 9, 1),
(428, 39, 10, 1),
(429, 39, 11, 1),
(430, 40, 1, 0),
(431, 40, 2, 1),
(432, 40, 3, 1),
(433, 40, 4, 1),
(434, 40, 5, 1),
(435, 40, 6, 1),
(436, 40, 7, 1),
(437, 40, 8, 2),
(438, 40, 9, 1),
(439, 40, 10, 1),
(440, 40, 11, 1),
(441, 41, 1, 0),
(442, 41, 2, 2),
(443, 41, 3, 2),
(444, 41, 4, 1),
(445, 41, 5, 1),
(446, 41, 6, 2),
(447, 41, 7, 1),
(448, 41, 8, 2),
(449, 41, 9, 1),
(450, 41, 10, 1),
(451, 41, 11, 2),
(452, 42, 1, 0),
(453, 42, 2, 1),
(454, 42, 3, 1),
(455, 42, 4, 1),
(456, 42, 5, 2),
(457, 42, 6, 2),
(458, 42, 7, 1),
(459, 42, 8, 2),
(460, 42, 9, 1),
(461, 42, 10, 1),
(462, 42, 11, 1),
(463, 43, 1, 0),
(464, 43, 2, 1),
(465, 43, 3, 2),
(466, 43, 4, 2),
(467, 43, 5, 2),
(468, 43, 6, 2),
(469, 43, 7, 2),
(470, 43, 8, 2),
(471, 43, 9, 1),
(472, 43, 10, 1),
(473, 43, 11, 1),
(474, 44, 1, 0),
(475, 44, 2, 1),
(476, 44, 3, 2),
(477, 44, 4, 2),
(478, 44, 5, 2),
(479, 44, 6, 2),
(480, 44, 7, 2),
(481, 44, 8, 2),
(482, 44, 9, 1),
(483, 44, 10, 1),
(484, 44, 11, 1),
(485, 45, 1, 0),
(486, 45, 2, 1),
(487, 45, 3, 1),
(488, 45, 4, 1),
(489, 45, 5, 1),
(490, 45, 6, 2),
(491, 45, 7, 1),
(492, 45, 8, 2),
(493, 45, 9, 1),
(494, 45, 10, 1),
(495, 45, 11, 2),
(496, 46, 1, 0),
(497, 46, 2, 1),
(498, 46, 3, 1),
(499, 46, 4, 1),
(500, 46, 5, 1),
(501, 46, 6, 2),
(502, 46, 7, 1),
(503, 46, 8, 2),
(504, 46, 9, 1),
(505, 46, 10, 1),
(506, 46, 11, 1),
(507, 47, 1, 0),
(508, 47, 2, 1),
(509, 47, 3, 1),
(510, 47, 4, 1),
(511, 47, 5, 1),
(512, 47, 6, 1),
(513, 47, 7, 1),
(514, 47, 8, 1),
(515, 47, 9, 1),
(516, 47, 10, 1),
(517, 47, 11, 1),
(518, 48, 1, 0),
(519, 48, 2, 1),
(520, 48, 3, 1),
(521, 48, 4, 1),
(522, 48, 5, 1),
(523, 48, 6, 1),
(524, 48, 7, 1),
(525, 48, 8, 1),
(526, 48, 9, 1),
(527, 48, 10, 1),
(528, 48, 11, 1),
(529, 49, 1, 0),
(530, 49, 2, 1),
(531, 49, 3, 1),
(532, 49, 4, 1),
(533, 49, 5, 1),
(534, 49, 6, 2),
(535, 49, 7, 1),
(536, 49, 8, 2),
(537, 49, 9, 1),
(538, 49, 10, 1),
(539, 49, 11, 1),
(540, 50, 1, 0),
(541, 50, 2, 2),
(542, 50, 3, 2),
(543, 50, 4, 1),
(544, 50, 5, 1),
(545, 50, 6, 2),
(546, 50, 7, 1),
(547, 50, 8, 2),
(548, 50, 9, 1),
(549, 50, 10, 1),
(550, 50, 11, 1),
(551, 51, 1, 0),
(552, 51, 2, 1),
(553, 51, 3, 2),
(554, 51, 4, 2),
(555, 51, 5, 1),
(556, 51, 6, 2),
(557, 51, 7, 2),
(558, 51, 8, 2),
(559, 51, 9, 1),
(560, 51, 10, 1),
(561, 51, 11, 2),
(562, 52, 1, 0),
(563, 52, 2, 2),
(564, 52, 3, 2),
(565, 52, 4, 1),
(566, 52, 5, 1),
(567, 52, 6, 2),
(568, 52, 7, 1),
(569, 52, 8, 2),
(570, 52, 9, 1),
(571, 52, 10, 1),
(572, 52, 11, 1),
(573, 53, 1, 0),
(574, 53, 2, 1),
(575, 53, 3, 1),
(576, 53, 4, 1),
(577, 53, 5, 2),
(578, 53, 6, 2),
(579, 53, 7, 1),
(580, 53, 8, 2),
(581, 53, 9, 1),
(582, 53, 10, 1),
(583, 53, 11, 1),
(584, 54, 1, 0),
(585, 54, 2, 1),
(586, 54, 3, 1),
(587, 54, 4, 1),
(588, 54, 5, 2),
(589, 54, 6, 2),
(590, 54, 7, 1),
(591, 54, 8, 2),
(592, 54, 9, 1),
(593, 54, 10, 1),
(594, 54, 11, 1),
(595, 55, 1, 0),
(596, 55, 2, 2),
(597, 55, 3, 2),
(598, 55, 4, 1),
(599, 55, 5, 1),
(600, 55, 6, 2),
(601, 55, 7, 2),
(602, 55, 8, 2),
(603, 55, 9, 1),
(604, 55, 10, 1),
(605, 55, 11, 2),
(606, 56, 1, 0),
(607, 56, 2, 2),
(608, 56, 3, 2),
(609, 56, 4, 2),
(610, 56, 5, 1),
(611, 56, 6, 2),
(612, 56, 7, 2),
(613, 56, 8, 2),
(614, 56, 9, 1),
(615, 56, 10, 1),
(616, 56, 11, 2),
(617, 57, 1, 0),
(618, 57, 2, 1),
(619, 57, 3, 1),
(620, 57, 4, 1),
(621, 57, 5, 1),
(622, 57, 6, 2),
(623, 57, 7, 1),
(624, 57, 8, 2),
(625, 57, 9, 1),
(626, 57, 10, 1),
(627, 57, 11, 1),
(628, 58, 1, 0),
(629, 58, 2, 1),
(630, 58, 3, 1),
(631, 58, 4, 1),
(632, 58, 5, 1),
(633, 58, 6, 2),
(634, 58, 7, 1),
(635, 58, 8, 2),
(636, 58, 9, 1),
(637, 58, 10, 1),
(638, 58, 11, 2),
(639, 59, 1, 0),
(640, 59, 2, 1),
(641, 59, 3, 1),
(642, 59, 4, 1),
(643, 59, 5, 1),
(644, 59, 6, 2),
(645, 59, 7, 1),
(646, 59, 8, 2),
(647, 59, 9, 1),
(648, 59, 10, 1),
(649, 59, 11, 2),
(650, 60, 1, 0),
(651, 60, 2, 2),
(652, 60, 3, 2),
(653, 60, 4, 1),
(654, 60, 5, 1),
(655, 60, 6, 2),
(656, 60, 7, 1),
(657, 60, 8, 2),
(658, 60, 9, 1),
(659, 60, 10, 1),
(660, 60, 11, 1),
(661, 61, 1, 0),
(662, 61, 2, 1),
(663, 61, 3, 1),
(664, 61, 4, 1),
(665, 61, 5, 1),
(666, 61, 6, 1),
(667, 61, 7, 1),
(668, 61, 8, 2),
(669, 61, 9, 1),
(670, 61, 10, 1),
(671, 61, 11, 1),
(672, 62, 1, 0),
(673, 62, 2, 1),
(674, 62, 3, 1),
(675, 62, 4, 1),
(676, 62, 5, 1),
(677, 62, 6, 2),
(678, 62, 7, 1),
(679, 62, 8, 2),
(680, 62, 9, 1),
(681, 62, 10, 1),
(682, 62, 11, 1),
(683, 63, 1, 0),
(684, 63, 2, 1),
(685, 63, 3, 2),
(686, 63, 4, 1),
(687, 63, 5, 1),
(688, 63, 6, 2),
(689, 63, 7, 1),
(690, 63, 8, 2),
(691, 63, 9, 1),
(692, 63, 10, 1),
(693, 63, 11, 2),
(694, 64, 1, 0),
(695, 64, 2, 1),
(696, 64, 3, 1),
(697, 64, 4, 1),
(698, 64, 5, 1),
(699, 64, 6, 1),
(700, 64, 7, 1),
(701, 64, 8, 2),
(702, 64, 9, 1),
(703, 64, 10, 1),
(704, 64, 11, 1),
(705, 65, 1, 0),
(706, 65, 2, 1),
(707, 65, 3, 1),
(708, 65, 4, 1),
(709, 65, 5, 1),
(710, 65, 6, 2),
(711, 65, 7, 1),
(712, 65, 8, 2),
(713, 65, 9, 1),
(714, 65, 10, 1),
(715, 65, 11, 1),
(716, 66, 1, 0),
(717, 66, 2, 1),
(718, 66, 3, 1),
(719, 66, 4, 1),
(720, 66, 5, 1),
(721, 66, 6, 1),
(722, 66, 7, 1),
(723, 66, 8, 2),
(724, 66, 9, 1),
(725, 66, 10, 1),
(726, 66, 11, 1),
(727, 67, 1, 0),
(728, 67, 2, 1),
(729, 67, 3, 2),
(730, 67, 4, 1),
(731, 67, 5, 2),
(732, 67, 6, 2),
(733, 67, 7, 2),
(734, 67, 8, 2),
(735, 67, 9, 1),
(736, 67, 10, 1),
(737, 67, 11, 1),
(738, 68, 1, 0),
(739, 68, 2, 1),
(740, 68, 3, 1),
(741, 68, 4, 1),
(742, 68, 5, 1),
(743, 68, 6, 2),
(744, 68, 7, 1),
(745, 68, 8, 2),
(746, 68, 9, 1),
(747, 68, 10, 1),
(748, 68, 11, 1),
(749, 69, 1, 0),
(750, 69, 2, 1),
(751, 69, 3, 1),
(752, 69, 4, 1),
(753, 69, 5, 1),
(754, 69, 6, 2),
(755, 69, 7, 1),
(756, 69, 8, 2),
(757, 69, 9, 1),
(758, 69, 10, 1),
(759, 69, 11, 1),
(760, 70, 1, 0),
(761, 70, 2, 1),
(762, 70, 3, 2),
(763, 70, 4, 1),
(764, 70, 5, 1),
(765, 70, 6, 2),
(766, 70, 7, 1),
(767, 70, 8, 2),
(768, 70, 9, 1),
(769, 70, 10, 1),
(770, 70, 11, 2),
(771, 71, 1, 0),
(772, 71, 2, 1),
(773, 71, 3, 1),
(774, 71, 4, 1),
(775, 71, 5, 1),
(776, 71, 6, 1),
(777, 71, 7, 1),
(778, 71, 8, 1),
(779, 71, 9, 1),
(780, 71, 10, 1),
(781, 71, 11, 1),
(782, 72, 1, 0),
(783, 72, 2, 2),
(784, 72, 3, 1),
(785, 72, 4, 1),
(786, 72, 5, 1),
(787, 72, 6, 2),
(788, 72, 7, 1),
(789, 72, 8, 1),
(790, 72, 9, 1),
(791, 72, 10, 1),
(792, 72, 11, 2),
(793, 73, 1, 0),
(794, 73, 2, 1),
(795, 73, 3, 1),
(796, 73, 4, 1),
(797, 73, 5, 1),
(798, 73, 6, 1),
(799, 73, 7, 1),
(800, 73, 8, 1),
(801, 73, 9, 1),
(802, 73, 10, 1),
(803, 73, 11, 1),
(804, 74, 1, 0),
(805, 74, 2, 1),
(806, 74, 3, 1),
(807, 74, 4, 1),
(808, 74, 5, 1),
(809, 74, 6, 1),
(810, 74, 7, 1),
(811, 74, 8, 1),
(812, 74, 9, 1),
(813, 74, 10, 1),
(814, 74, 11, 1),
(815, 75, 1, 0),
(816, 75, 2, 1),
(817, 75, 3, 1),
(818, 75, 4, 1),
(819, 75, 5, 1),
(820, 75, 6, 1),
(821, 75, 7, 1),
(822, 75, 8, 1),
(823, 75, 9, 1),
(824, 75, 10, 1),
(825, 75, 11, 1),
(826, 76, 1, 0),
(827, 76, 2, 2),
(828, 76, 3, 1),
(829, 76, 4, 1),
(830, 76, 5, 1),
(831, 76, 6, 2),
(832, 76, 7, 1),
(833, 76, 8, 1),
(834, 76, 9, 1),
(835, 76, 10, 1),
(836, 76, 11, 1),
(837, 77, 1, 0),
(838, 77, 2, 1),
(839, 77, 3, 1),
(840, 77, 4, 1),
(841, 77, 5, 1),
(842, 77, 6, 1),
(843, 77, 7, 1),
(844, 77, 8, 1),
(845, 77, 9, 1),
(846, 77, 10, 1),
(847, 77, 11, 1),
(848, 78, 1, 0),
(849, 78, 2, 1),
(850, 78, 3, 1),
(851, 78, 4, 1),
(852, 78, 5, 1),
(853, 78, 6, 1),
(854, 78, 7, 1),
(855, 78, 8, 1),
(856, 78, 9, 1),
(857, 78, 10, 1),
(858, 78, 11, 1),
(859, 79, 1, 0),
(860, 79, 2, 1),
(861, 79, 3, 1),
(862, 79, 4, 1),
(863, 79, 5, 2),
(864, 79, 6, 2),
(865, 79, 7, 1),
(866, 79, 8, 1),
(867, 79, 9, 1),
(868, 79, 10, 1),
(869, 79, 11, 2),
(870, 80, 1, 0),
(871, 80, 2, 1),
(872, 80, 3, 1),
(873, 80, 4, 1),
(874, 80, 5, 1),
(875, 80, 6, 2),
(876, 80, 7, 1),
(877, 80, 8, 2),
(878, 80, 9, 1),
(879, 80, 10, 1),
(880, 80, 11, 1);

-- --------------------------------------------------------

--
-- Table structure for table `tb_data_test`
--

CREATE TABLE IF NOT EXISTS `tb_data_test` (
  `id_data` int(11) NOT NULL AUTO_INCREMENT,
  `id_responden` int(11) NOT NULL,
  `id_atribut` int(11) NOT NULL,
  `id_parameter` int(11) NOT NULL,
  PRIMARY KEY (`id_data`)
) ENGINE=InnoDB  DEFAULT CHARSET=latin1 AUTO_INCREMENT=111 ;

--
-- Dumping data for table `tb_data_test`
--

INSERT INTO `tb_data_test` (`id_data`, `id_responden`, `id_atribut`, `id_parameter`) VALUES
(45, 55, 1, 1),
(46, 55, 2, 3),
(47, 55, 3, 2),
(48, 55, 4, 2),
(49, 55, 5, 2),
(50, 55, 6, 3),
(51, 55, 7, 2),
(52, 55, 8, 2),
(53, 55, 9, 2),
(54, 55, 10, 1),
(55, 55, 11, 2),
(56, 18, 1, 1),
(57, 18, 2, 2),
(58, 18, 3, 2),
(59, 18, 4, 3),
(60, 18, 5, 2),
(61, 18, 6, 2),
(62, 18, 7, 2),
(63, 18, 8, 2),
(64, 18, 9, 2),
(65, 18, 10, 1),
(66, 18, 11, 2),
(67, 96, 1, 1),
(68, 96, 2, 2),
(69, 96, 3, 2),
(70, 96, 4, 2),
(71, 96, 5, 2),
(72, 96, 6, 2),
(73, 96, 7, 2),
(74, 96, 8, 2),
(75, 96, 9, 2),
(76, 96, 10, 1),
(77, 96, 11, 2),
(78, 100, 1, 0),
(79, 100, 2, 1),
(80, 100, 3, 2),
(81, 100, 4, 2),
(82, 100, 5, 3),
(83, 100, 6, 2),
(84, 100, 7, 1),
(85, 100, 8, 2),
(86, 100, 9, 2),
(87, 100, 10, 1),
(88, 100, 11, 2);

-- --------------------------------------------------------

--
-- Table structure for table `tb_parameter`
--

CREATE TABLE IF NOT EXISTS `tb_parameter` (
  `id_parameter` int(11) NOT NULL AUTO_INCREMENT,
  `id_atribut` int(11) NOT NULL,
  `nilai` int(11) NOT NULL,
  `parameter` varchar(30) NOT NULL,
  PRIMARY KEY (`id_parameter`)
) ENGINE=InnoDB  DEFAULT CHARSET=latin1 AUTO_INCREMENT=31 ;

--
-- Dumping data for table `tb_parameter`
--

INSERT INTO `tb_parameter` (`id_parameter`, `id_atribut`, `nilai`, `parameter`) VALUES
(1, 2, 3, '<50 m2'),
(2, 3, 3, '<600 ribu'),
(3, 4, 3, 'Tanah'),
(4, 5, 3, 'Kayu kualitas rendah'),
(5, 6, 3, 'Asbes'),
(6, 8, 3, 'Sumur tak terlindung'),
(7, 9, 3, 'Tidak ada'),
(8, 11, 3, '<1 juta'),
(9, 1, 1, 'Layak'),
(10, 7, 2, '450 watt'),
(11, 10, 2, 'Kayu'),
(12, 2, 2, '50-75 m2'),
(13, 3, 2, '600 ribu - 1 juta'),
(14, 4, 2, 'Lantai cor'),
(15, 5, 2, 'Kayu kualitas tinggi'),
(16, 6, 2, 'Genteng tanah'),
(17, 8, 2, 'Sumur terlindung'),
(18, 9, 2, 'Bersama'),
(19, 11, 2, '1-5 juta'),
(20, 1, 0, 'Tidak layak'),
(21, 7, 1, '900 watt'),
(22, 10, 1, 'Gas 3 kg'),
(23, 2, 1, '>75 m2'),
(24, 3, 1, '>1 juta'),
(25, 4, 1, 'Keramik'),
(26, 5, 1, 'Tembok'),
(27, 6, 1, 'Genteng Keramik'),
(28, 8, 1, 'Ledeng'),
(29, 9, 1, 'Sendiri'),
(30, 11, 1, '>5 juta');

-- --------------------------------------------------------

--
-- Table structure for table `tb_responden`
--

CREATE TABLE IF NOT EXISTS `tb_responden` (
  `id_responden` int(11) NOT NULL,
  `responden` varchar(30) NOT NULL,
  PRIMARY KEY (`id_responden`)
) ENGINE=InnoDB DEFAULT CHARSET=latin1;

--
-- Dumping data for table `tb_responden`
--

INSERT INTO `tb_responden` (`id_responden`, `responden`) VALUES
(1, 'Sukinem'),
(2, 'Mamin'),
(3, 'Sukiman'),
(4, 'Nyomo'),
(5, 'Wagiono'),
(6, 'Agus Arifin'),
(7, 'Suparno'),
(8, 'Riyanto'),
(9, 'Sadiyem'),
(10, 'Sutarto'),
(11, 'Warti'),
(12, 'Sunarso'),
(13, 'Edi Saputro'),
(14, 'Hendro'),
(15, 'Partini'),
(16, 'Kamuri'),
(17, 'Jumat'),
(18, 'Suwarto'),
(19, 'Subandi'),
(20, 'Sujimin'),
(21, 'Sumarno'),
(22, 'Triyono'),
(23, 'Sarmo'),
(24, 'Wasito'),
(25, 'Kismanto'),
(26, 'Tukimin'),
(27, 'Sekti Aji Purnomo'),
(28, 'Pariman'),
(29, 'Taryoto'),
(30, 'Yanto'),
(31, 'Yoko Saparno'),
(32, 'Mulyono'),
(33, 'Ngabdiyanto'),
(34, 'Paiman'),
(35, 'Mulyadi'),
(36, 'Hendri Hermawan'),
(37, 'Narto'),
(38, 'Partin'),
(39, 'Budiyanto'),
(40, 'Wahyo Cahyo'),
(41, 'Eko Yuli Sunarmo'),
(42, 'Sawiyo'),
(43, 'Kuncoro'),
(44, 'Wilopo'),
(45, 'Harmadi'),
(46, 'Kusnanto'),
(47, 'Muslih'),
(48, 'Puryanto'),
(49, 'Sudarto'),
(50, 'iIkhwan'),
(51, 'Jumadi'),
(52, 'Suparno'),
(53, 'Sukiman'),
(54, 'Unang'),
(55, 'Sunardiyanto'),
(56, 'Wakidi'),
(57, 'Sukamto'),
(58, 'Wagimin'),
(59, 'Dasiman'),
(60, 'Supriyadi'),
(61, 'Jamino'),
(62, 'Purwadi'),
(63, 'Sumarso'),
(64, 'Wasino'),
(65, 'Narwidi'),
(66, 'Paimin'),
(67, 'Karso'),
(68, 'Sriyono'),
(69, 'Sumadi'),
(70, 'Pujiono'),
(71, 'Rohmatin'),
(72, 'Kusmin'),
(73, 'Syafaat'),
(74, 'Suharti'),
(75, 'Paidi'),
(76, 'Suripno'),
(77, 'Mulyantoro'),
(78, 'Nur Ali Mahmud'),
(79, 'Bambang Pamuji'),
(80, 'Paiman');

-- --------------------------------------------------------

--
-- Table structure for table `tb_responden_test`
--

CREATE TABLE IF NOT EXISTS `tb_responden_test` (
  `id_responden` int(11) NOT NULL,
  `responden` varchar(50) NOT NULL
) ENGINE=InnoDB DEFAULT CHARSET=latin1;

--
-- Dumping data for table `tb_responden_test`
--

INSERT INTO `tb_responden_test` (`id_responden`, `responden`) VALUES
(55, 'Wasito'),
(18, 'Rebin'),
(96, 'Parmi'),
(100, 'Kermis');

/*!40101 SET CHARACTER_SET_CLIENT=@OLD_CHARACTER_SET_CLIENT */;
/*!40101 SET CHARACTER_SET_RESULTS=@OLD_CHARACTER_SET_RESULTS */;
/*!40101 SET COLLATION_CONNECTION=@OLD_COLLATION_CONNECTION */;
